feature,importance
equipment,23.229125117220374
distance,15.325342624954448
log_distance,13.353455179290693
sqrt_distance,11.976805498865948
weight,7.555413336120927
market_index,3.879232520744542
pickup_lat,2.9489351170340967
day_of_year,2.7502455860164177
time_days,2.4424454924467156
cos_365.25,2.3481252989326693
delivery_lat,2.2098849105981664
pickup,1.6964778836461594
delivery,1.5793870537633152
delivery_lon,1.475802343824781
lane,1.2576131151517416
pickup_lon,1.1763619753408403
sin_365.25,1.0545997236197422
delta_lat,0.7568310139604962
sin_30.4375,0.5840534246576793
cos_30.4375,0.5234987705372158
day_of_month,0.5198829164127563
sin_7,0.3737629618549983
delta_lon,0.29559333346306693
weight_missing,0.23852682361241592
cos_7,0.17942486349399808
day_of_week,0.14467856576742422
market_missing,0.07453230908359677
weekend,0.049962239584765554
